{
  "v": "5.5.7",
  "meta": { "g": "LottieFiles AE 0.1.20", "a": "Inktwin", "k": "Successful animation, check, success, congrats, cangratulation", "d": "Successful animation", "tc": "dark" },
  "fr": 24,
  "ip": 0,
  "op": 48,
  "w": 200,
  "h": 200,
  "nm": "Success",
  "ddd": 0,
  "assets": [],
  "layers": [
    {
      "ddd": 0,
      "ind": 1,
      "ty": 4,
      "nm": "Shape Layer 4",
      "parent": 4,
      "sr": 1,
      "ks": {
        "o": {
          "a": 1,
          "k": [
            { "i": { "x": [0], "y": [1] }, "o": { "x": [0.333], "y": [0] }, "t": 60, "s": [100] },
            { "t": 70, "s": [0] }
          ],
          "ix": 11
        },
        "r": { "a": 0, "k": 0, "ix": 10 },
        "p": { "a": 0, "k": [-5.051, 60.949, 0], "ix": 2 },
        "a": { "a": 0, "k": [77, 2, 0], "ix": 1 },
        "s": { "a": 0, "k": [55.682, 55.682, 100], "ix": 6 }
      },
      "ao": 0,
      "shapes": [
        {
          "ty": "gr",
          "it": [
            { "ind": 0, "ty": "sh", "ix": 1, "ks": { "a": 0, "k": { "i": [[0, 0]], "o": [[0, 0]], "v": [[955.194, 251.637]], "c": false }, "ix": 2 }, "nm": "Path 1", "mn": "ADBE Vector Shape - Group", "hd": false },
            {
              "ty": "st",
              "c": { "a": 0, "k": [1, 1, 1, 1], "ix": 3 },
              "o": { "a": 0, "k": 100, "ix": 4 },
              "w": { "a": 0, "k": 64, "ix": 5 },
              "lc": 1,
              "lj": 1,
              "ml": 4,
              "bm": 0,
              "nm": "Stroke 1",
              "mn": "ADBE Vector Graphic - Stroke",
              "hd": false
            },
            {
              "ty": "tr",
              "p": { "a": 0, "k": [0, 0], "ix": 2 },
              "a": { "a": 0, "k": [0, 0], "ix": 1 },
              "s": { "a": 0, "k": [100, 100], "ix": 3 },
              "r": { "a": 0, "k": 0, "ix": 6 },
              "o": { "a": 0, "k": 100, "ix": 7 },
              "sk": { "a": 0, "k": 0, "ix": 4 },
              "sa": { "a": 0, "k": 0, "ix": 5 },
              "nm": "Transform"
            }
          ],
          "nm": "Shape 2",
          "np": 3,
          "cix": 2,
          "bm": 0,
          "ix": 1,
          "mn": "ADBE Vector Group",
          "hd": false
        },
        {
          "ty": "gr",
          "it": [
            {
              "ind": 0,
              "ty": "sh",
              "ix": 1,
              "ks": {
                "a": 0,
                "k": {
                  "i": [
                    [-236, 0],
                    [0, 169.697],
                    [223.622, 0],
                    [0, 0],
                    [0, 0],
                    [0, 0],
                    [0, 0]
                  ],
                  "o": [
                    [232.172, 0],
                    [0, -178.341],
                    [-228.293, 0],
                    [0, 0],
                    [0, 0],
                    [0, 0],
                    [0, 0]
                  ],
                  "v": [
                    [54.299, 326.269],
                    [430.045, -2.319],
                    [81.56, -379.819],
                    [-238.557, -171.999],
                    [-56, 6],
                    [30, 92],
                    [210, -88]
                  ],
                  "c": false
                },
                "ix": 2
              },
              "nm": "Path 1",
              "mn": "ADBE Vector Shape - Group",
              "hd": false
            },
            { "ty": "st", "c": { "a": 0, "k": [1, 1, 1, 1], "ix": 3 }, "o": { "a": 0, "k": 100, "ix": 4 }, "w": { "a": 0, "k": 64, "ix": 5 }, "lc": 2, "lj": 2, "bm": 0, "nm": "Stroke 1", "mn": "ADBE Vector Graphic - Stroke", "hd": false },
            {
              "ty": "tr",
              "p": { "a": 0, "k": [0, 0], "ix": 2 },
              "a": { "a": 0, "k": [0, 0], "ix": 1 },
              "s": { "a": 0, "k": [100, 100], "ix": 3 },
              "r": { "a": 0, "k": 0, "ix": 6 },
              "o": { "a": 0, "k": 100, "ix": 7 },
              "sk": { "a": 0, "k": 0, "ix": 4 },
              "sa": { "a": 0, "k": 0, "ix": 5 },
              "nm": "Transform"
            }
          ],
          "nm": "Shape 1",
          "np": 3,
          "cix": 2,
          "bm": 0,
          "ix": 2,
          "mn": "ADBE Vector Group",
          "hd": false
        },
        {
          "ty": "tm",
          "s": {
            "a": 1,
            "k": [
              { "i": { "x": [0], "y": [1] }, "o": { "x": [0.851], "y": [0] }, "t": 48, "s": [83] },
              { "t": 69, "s": [0] }
            ],
            "ix": 1
          },
          "e": {
            "a": 1,
            "k": [
              { "i": { "x": [0], "y": [1] }, "o": { "x": [0.851], "y": [0] }, "t": 49, "s": [100] },
              { "t": 70, "s": [0] }
            ],
            "ix": 2
          },
          "o": { "a": 0, "k": 0, "ix": 3 },
          "m": 1,
          "ix": 3,
          "nm": "Trim Paths 1",
          "mn": "ADBE Vector Filter - Trim",
          "hd": false
        }
      ],
      "ip": 48,
      "op": 973,
      "st": 13,
      "bm": 0
    },
    {
      "ddd": 0,
      "ind": 2,
      "ty": 4,
      "nm": "Shape Layer 2",
      "parent": 4,
      "sr": 1,
      "ks": { "o": { "a": 0, "k": 100, "ix": 11 }, "r": { "a": 0, "k": 0, "ix": 10 }, "p": { "a": 0, "k": [-5.051, 60.949, 0], "ix": 2 }, "a": { "a": 0, "k": [77, 2, 0], "ix": 1 }, "s": { "a": 0, "k": [55.682, 55.682, 100], "ix": 6 } },
      "ao": 0,
      "shapes": [
        {
          "ty": "gr",
          "it": [
            {
              "ind": 0,
              "ty": "sh",
              "ix": 1,
              "ks": {
                "a": 0,
                "k": {
                  "i": [
                    [0, 0],
                    [0, 0],
                    [0, 0]
                  ],
                  "o": [
                    [0, 0],
                    [0, 0],
                    [0, 0]
                  ],
                  "v": [
                    [-56, 6],
                    [30, 92],
                    [210, -88]
                  ],
                  "c": false
                },
                "ix": 2
              },
              "nm": "Path 1",
              "mn": "ADBE Vector Shape - Group",
              "hd": false
            },
            { "ty": "st", "c": { "a": 0, "k": [1, 1, 1, 1], "ix": 3 }, "o": { "a": 0, "k": 100, "ix": 4 }, "w": { "a": 0, "k": 64, "ix": 5 }, "lc": 2, "lj": 2, "bm": 0, "nm": "Stroke 1", "mn": "ADBE Vector Graphic - Stroke", "hd": false },
            {
              "ty": "fl",
              "c": { "a": 0, "k": [0.2196078431372549, 0.7568627450980392, 0.4470588235294118, 1], "ix": 4 },
              "o": { "a": 0, "k": 100, "ix": 5 },
              "r": 1,
              "bm": 0,
              "nm": "Fill 1",
              "mn": "ADBE Vector Graphic - Fill",
              "hd": false
            },
            {
              "ty": "tr",
              "p": { "a": 0, "k": [0, 0], "ix": 2 },
              "a": { "a": 0, "k": [0, 0], "ix": 1 },
              "s": { "a": 0, "k": [100, 100], "ix": 3 },
              "r": { "a": 0, "k": 0, "ix": 6 },
              "o": { "a": 0, "k": 100, "ix": 7 },
              "sk": { "a": 0, "k": 0, "ix": 4 },
              "sa": { "a": 0, "k": 0, "ix": 5 },
              "nm": "Transform"
            }
          ],
          "nm": "Shape 1",
          "np": 3,
          "cix": 2,
          "bm": 0,
          "ix": 1,
          "mn": "ADBE Vector Group",
          "hd": false
        },
        {
          "ty": "tm",
          "s": { "a": 0, "k": 0, "ix": 1 },
          "e": {
            "a": 1,
            "k": [
              { "i": { "x": [0], "y": [1] }, "o": { "x": [0.333], "y": [0] }, "t": 12, "s": [0] },
              { "t": 24, "s": [100] }
            ],
            "ix": 2
          },
          "o": { "a": 0, "k": 0, "ix": 3 },
          "m": 1,
          "ix": 2,
          "nm": "Trim Paths 1",
          "mn": "ADBE Vector Filter - Trim",
          "hd": false
        }
      ],
      "ip": 0,
      "op": 49,
      "st": 0,
      "bm": 0
    },
    {
      "ddd": 0,
      "ind": 3,
      "ty": 4,
      "nm": "Shape Layer 3",
      "sr": 1,
      "ks": { "o": { "a": 0, "k": 100, "ix": 11 }, "r": { "a": 0, "k": 0, "ix": 10 }, "p": { "a": 0, "k": [101.49999999999999, 92.5, 0], "ix": 2 }, "a": { "a": 0, "k": [0, 0, 0], "ix": 1 }, "s": { "a": 0, "k": [25, 25, 100], "ix": 6 } },
      "ao": 0,
      "shapes": [
        {
          "ty": "gr",
          "it": [
            {
              "ind": 0,
              "ty": "sh",
              "ix": 1,
              "ks": {
                "a": 0,
                "k": {
                  "i": [
                    [0, 0],
                    [0, 0]
                  ],
                  "o": [
                    [0, 0],
                    [0, 0]
                  ],
                  "v": [
                    [-8, -78],
                    [-8, -254]
                  ],
                  "c": false
                },
                "ix": 2
              },
              "nm": "Path 1",
              "mn": "ADBE Vector Shape - Group",
              "hd": false
            },
            { "ty": "st", "c": { "a": 0, "k": [1, 1, 1, 1], "ix": 3 }, "o": { "a": 0, "k": 100, "ix": 4 }, "w": { "a": 0, "k": 20, "ix": 5 }, "lc": 2, "lj": 2, "bm": 0, "nm": "Stroke 1", "mn": "ADBE Vector Graphic - Stroke", "hd": false },
            {
              "ty": "fl",
              "c": { "a": 0, "k": [0.2196078431372549, 0.7568627450980392, 0.4470588235294118, 1], "ix": 4 },
              "o": { "a": 0, "k": 100, "ix": 5 },
              "r": 1,
              "bm": 0,
              "nm": "Fill 1",
              "mn": "ADBE Vector Graphic - Fill",
              "hd": false
            },
            {
              "ty": "tr",
              "p": { "a": 0, "k": [0, 0], "ix": 2 },
              "a": { "a": 0, "k": [0, 0], "ix": 1 },
              "s": { "a": 0, "k": [100, 100], "ix": 3 },
              "r": { "a": 0, "k": 0, "ix": 6 },
              "o": { "a": 0, "k": 100, "ix": 7 },
              "sk": { "a": 0, "k": 0, "ix": 4 },
              "sa": { "a": 0, "k": 0, "ix": 5 },
              "nm": "Transform"
            }
          ],
          "nm": "Shape 1",
          "np": 3,
          "cix": 2,
          "bm": 0,
          "ix": 1,
          "mn": "ADBE Vector Group",
          "hd": false
        },
        {
          "ty": "tm",
          "s": {
            "a": 1,
            "k": [
              { "i": { "x": [0], "y": [1] }, "o": { "x": [0.333], "y": [0] }, "t": 11, "s": [0] },
              { "t": 23, "s": [100] }
            ],
            "ix": 1
          },
          "e": {
            "a": 1,
            "k": [
              { "i": { "x": [0], "y": [1] }, "o": { "x": [0.333], "y": [0] }, "t": 9, "s": [0] },
              { "t": 21, "s": [100] }
            ],
            "ix": 2
          },
          "o": { "a": 0, "k": 0, "ix": 3 },
          "m": 1,
          "ix": 2,
          "nm": "Trim Paths 1",
          "mn": "ADBE Vector Filter - Trim",
          "hd": false
        },
        {
          "ty": "rp",
          "c": { "a": 0, "k": 10, "ix": 1 },
          "o": { "a": 0, "k": 0, "ix": 2 },
          "m": 1,
          "ix": 3,
          "tr": {
            "ty": "tr",
            "p": { "a": 0, "k": [0, 0], "ix": 2 },
            "a": { "a": 0, "k": [-9, 17], "ix": 1 },
            "s": { "a": 0, "k": [100, 100], "ix": 3 },
            "r": { "a": 0, "k": 36, "ix": 4 },
            "so": { "a": 0, "k": 100, "ix": 5 },
            "eo": { "a": 0, "k": 100, "ix": 6 },
            "nm": "Transform"
          },
          "nm": "Repeater 1",
          "mn": "ADBE Vector Filter - Repeater",
          "hd": false
        }
      ],
      "ip": -3,
      "op": 957,
      "st": -3,
      "bm": 0
    },
    {
      "ddd": 0,
      "ind": 4,
      "ty": 4,
      "nm": "Shape Layer 1",
      "sr": 1,
      "ks": {
        "o": {
          "a": 1,
          "k": [
            { "i": { "x": [0], "y": [1] }, "o": { "x": [0.333], "y": [0] }, "t": 56, "s": [100] },
            { "t": 64, "s": [0] }
          ],
          "ix": 11
        },
        "r": {
          "a": 1,
          "k": [
            { "i": { "x": [0.833], "y": [0.833] }, "o": { "x": [0.333], "y": [0] }, "t": 0, "s": [45] },
            { "t": 12, "s": [0] }
          ],
          "ix": 10,
          "x": "var $bm_rt;\nvar amp, freq, decay, n, n, t, t, v;\namp = 0.06;\nfreq = 2;\ndecay = 4;\n$bm_rt = n = 0;\nif (numKeys > 0) {\n    $bm_rt = n = nearestKey(time).index;\n    if (key(n).time > time) {\n        n--;\n    }\n}\nif (n == 0) {\n    $bm_rt = t = 0;\n} else {\n    $bm_rt = t = $bm_sub(time, key(n).time);\n}\nif (n > 0) {\n    v = velocityAtTime($bm_sub(key(n).time, $bm_div(thisComp.frameDuration, 10)));\n    $bm_rt = $bm_sum(value, $bm_div($bm_mul($bm_mul(v, amp), Math.sin($bm_mul($bm_mul($bm_mul(freq, t), 2), Math.PI))), Math.exp($bm_mul(decay, t))));\n} else {\n    $bm_rt = value;\n}"
        },
        "p": { "a": 0, "k": [100, 100, 0], "ix": 2 },
        "a": { "a": 0, "k": [-5.051, 60.949, 0], "ix": 1 },
        "s": {
          "a": 1,
          "k": [
            { "i": { "x": [0.833, 0.833, 0.833], "y": [0.833, 0.833, -15.667] }, "o": { "x": [0.333, 0.333, 0.333], "y": [0, 0, 0] }, "t": 0, "s": [0, 0, 100] },
            { "t": 12, "s": [25, 25, 100] }
          ],
          "ix": 6,
          "x": "var $bm_rt;\nvar amp, freq, decay, n, n, t, t, v;\namp = 0.06;\nfreq = 2;\ndecay = 4;\n$bm_rt = n = 0;\nif (numKeys > 0) {\n    $bm_rt = n = nearestKey(time).index;\n    if (key(n).time > time) {\n        n--;\n    }\n}\nif (n == 0) {\n    $bm_rt = t = 0;\n} else {\n    $bm_rt = t = $bm_sub(time, key(n).time);\n}\nif (n > 0) {\n    v = velocityAtTime($bm_sub(key(n).time, $bm_div(thisComp.frameDuration, 10)));\n    $bm_rt = $bm_sum(value, $bm_div($bm_mul($bm_mul(v, amp), Math.sin($bm_mul($bm_mul($bm_mul(freq, t), 2), Math.PI))), Math.exp($bm_mul(decay, t))));\n} else {\n    $bm_rt = value;\n}"
        }
      },
      "ao": 0,
      "shapes": [
        {
          "ty": "gr",
          "it": [
            {
              "ty": "st",
              "c": { "a": 0, "k": [0.2196078431372549, 0.7568627450980392, 0.4470588235294118, 1], "ix": 3 },
              "o": { "a": 0, "k": 100, "ix": 4 },
              "w": { "a": 0, "k": 8, "ix": 5 },
              "lc": 1,
              "lj": 1,
              "ml": 4,
              "bm": 0,
              "nm": "Stroke 1",
              "mn": "ADBE Vector Graphic - Stroke",
              "hd": false
            },
            {
              "ty": "fl",
              "c": { "a": 0, "k": [0.2196078431372549, 0.7568627450980392, 0.4470588235294118, 1], "ix": 4 },
              "o": { "a": 0, "k": 100, "ix": 5 },
              "r": 1,
              "bm": 0,
              "nm": "Fill 1",
              "mn": "ADBE Vector Graphic - Fill",
              "hd": false
            },
            {
              "ty": "tr",
              "p": { "a": 0, "k": [0, 0], "ix": 2 },
              "a": { "a": 0, "k": [0, 0], "ix": 1 },
              "s": { "a": 0, "k": [100, 100], "ix": 3 },
              "r": { "a": 0, "k": 0, "ix": 6 },
              "o": { "a": 0, "k": 100, "ix": 7 },
              "sk": { "a": 0, "k": 0, "ix": 4 },
              "sa": { "a": 0, "k": 0, "ix": 5 },
              "nm": "Transform"
            }
          ],
          "nm": "Shape 1",
          "np": 2,
          "cix": 2,
          "bm": 0,
          "ix": 1,
          "mn": "ADBE Vector Group",
          "hd": false
        },
        {
          "ty": "gr",
          "it": [
            { "d": 1, "ty": "el", "s": { "a": 0, "k": [393.898, 393.898], "ix": 2 }, "p": { "a": 0, "k": [0, 0], "ix": 3 }, "nm": "Ellipse Path 1", "mn": "ADBE Vector Shape - Ellipse", "hd": false },
            {
              "ty": "st",
              "c": { "a": 0, "k": [0.2196078431372549, 0.7568627450980392, 0.4470588235294118, 1], "ix": 3 },
              "o": { "a": 0, "k": 100, "ix": 4 },
              "w": { "a": 0, "k": 8, "ix": 5 },
              "lc": 1,
              "lj": 1,
              "ml": 4,
              "bm": 0,
              "nm": "Stroke 1",
              "mn": "ADBE Vector Graphic - Stroke",
              "hd": false
            },
            {
              "ty": "fl",
              "c": { "a": 0, "k": [0.2196078431372549, 0.7568627450980392, 0.4470588235294118, 1], "ix": 4 },
              "o": { "a": 0, "k": 100, "ix": 5 },
              "r": 1,
              "bm": 0,
              "nm": "Fill 1",
              "mn": "ADBE Vector Graphic - Fill",
              "hd": false
            },
            {
              "ty": "tr",
              "p": { "a": 0, "k": [-5.051, 44.949], "ix": 2 },
              "a": { "a": 0, "k": [0, 0], "ix": 1 },
              "s": { "a": 0, "k": [100, 100], "ix": 3 },
              "r": { "a": 0, "k": 0, "ix": 6 },
              "o": { "a": 0, "k": 100, "ix": 7 },
              "sk": { "a": 0, "k": 0, "ix": 4 },
              "sa": { "a": 0, "k": 0, "ix": 5 },
              "nm": "Transform"
            }
          ],
          "nm": "Ellipse 1",
          "np": 3,
          "cix": 2,
          "bm": 0,
          "ix": 2,
          "mn": "ADBE Vector Group",
          "hd": false
        }
      ],
      "ip": 0,
      "op": 960,
      "st": 0,
      "bm": 0
    }
  ],
  "markers": []
}
